codigo_postal,nombre_asentamiento,tipo_asentamiento,municipio
01000,San Ángel,Colonia,Álvaro Obregón
01010,Los Alpes,Colonia,Álvaro Obregón
01020,Guadalupe Inn,Colonia,Álvaro Obregón
01030,Axotla,Pueblo,Álvaro Obregón
01030,Florida,Colonia,Álvaro Obregón
01040,Campestre,Colonia,Álvaro Obregón
01049,Tlacopac,Pueblo,Álvaro Obregón
01050,Ex-Hacienda de Guadalupe Chimalistac,Colonia,Álvaro Obregón
01060,Altavista,Colonia,Álvaro Obregón
01060,San Ángel Inn,Colonia,Álvaro Obregón
01070,Chimalistac,Colonia,Álvaro Obregón
01080,Progreso Tizapan,Colonia,Álvaro Obregón
01089,Ermita Tizapan,Colonia,Álvaro Obregón
01090,La Otra Banda,Barrio,Álvaro Obregón
01090,Loreto,Barrio,Álvaro Obregón
01090,Tizapan,Pueblo,Álvaro Obregón
01100,Pólvora,Colonia,Álvaro Obregón
01109,La Conchita,Colonia,Álvaro Obregón
01110,Belém de las Flores,Colonia,Álvaro Obregón
01110,El Capulín,Colonia,Álvaro Obregón
01110,Ampliación El Capulín,Colonia,Álvaro Obregón
01110,Liberales de 1857,Colonia,Álvaro Obregón
01120,Acueducto,Colonia,Álvaro Obregón
01120,Cove,Colonia,Álvaro Obregón
01120,Hidalgo,Colonia,Álvaro Obregón
01120,Las Américas,Colonia,Álvaro Obregón
01125,Ampliación Acueducto,Colonia,Álvaro Obregón
01130,Paraíso,Colonia,Álvaro Obregón
01130,Molino de Santo Domingo,Colonia,Álvaro Obregón
01130,Real del Monte,Colonia,Álvaro Obregón
01139,Reacomodo Pino Suárez,Colonia,Álvaro Obregón
01140,Bellavista,Colonia,Álvaro Obregón
01140,José Maria Pino Suárez,Colonia,Álvaro Obregón
01150,Cristo Rey,Colonia,Álvaro Obregón
01150,Tolteca,Colonia,Álvaro Obregón
01160,Bosque,Colonia,Álvaro Obregón
01160,Isidro Fabela,Colonia,Álvaro Obregón
01160,Maria G. de García Ruiz,Colonia,Álvaro Obregón
01160,1a Victoria,Colonia,Álvaro Obregón
01170,Abraham M. González,Colonia,Álvaro Obregón
01180,Carola,Colonia,Álvaro Obregón
01180,8 de Agosto,Colonia,Álvaro Obregón
01180,San Pedro de los Pinos,Colonia,Álvaro Obregón
01200,Arturo Martínez,Colonia,Álvaro Obregón
01210,Santa Fe,Pueblo,Álvaro Obregón
01219,Lomas de Santa Fe,Colonia,Álvaro Obregón
01220,Bonanza,Colonia,Álvaro Obregón
01220,Cuevitas,Colonia,Álvaro Obregón
01220,El Cuernito,Colonia,Álvaro Obregón
01220,Mártires de Tacubaya,Colonia,Álvaro Obregón
01220,Zenón Delgado,Colonia,Álvaro Obregón
01220,La Estrella,Colonia,Álvaro Obregón
01230,Campo de Tiro los Gamitos,Colonia,Álvaro Obregón
01230,Los Gamitos,Colonia,Álvaro Obregón
01230,Tlapechico,Colonia,Álvaro Obregón
01230,El Piru Santa Fe,Colonia,Álvaro Obregón
01230,El Piru 2a Ampliación,Colonia,Álvaro Obregón
01239,La Huerta,Colonia,Álvaro Obregón
01240,Pueblo Nuevo,Colonia,Álvaro Obregón
01250,El Árbol,Colonia,Álvaro Obregón
01250,Ladera,Colonia,Álvaro Obregón
01250,Lomas de Nuevo México,Colonia,Álvaro Obregón
01250,Margarita Maza de Juárez,Colonia,Álvaro Obregón
01250,Tecolalco,Colonia,Álvaro Obregón
01259,Ampliación La Cebada,Colonia,Álvaro Obregón
01259,La Mexicana 2a Ampliación,Colonia,Álvaro Obregón
01260,Calzada Jalalpa,Colonia,Álvaro Obregón
01260,La Mexicana,Colonia,Álvaro Obregón
01260,Ampliación La Mexicana,Colonia,Álvaro Obregón
01260,La Palmita,Colonia,Álvaro Obregón
01260,Liberación Proletaria,Colonia,Álvaro Obregón
01269,1a Sección Cañada,Colonia,Álvaro Obregón
01269,2a Sección Cañada,Colonia,Álvaro Obregón
01270,El Tejocote,Colonia,Álvaro Obregón
01270,La Presa,Colonia,Álvaro Obregón
01270,Golondrinas,Colonia,Álvaro Obregón
01270,Golondrinas 1a Sección,Colonia,Álvaro Obregón
01270,Golondrinas 2a Sección,Colonia,Álvaro Obregón
01270,Lomas de Capula,Colonia,Álvaro Obregón
01275,Villa Solidaridad,Colonia,Álvaro Obregón
01276,El Pirul,Colonia,Álvaro Obregón
01278,Desarrollo Urbano,Colonia,Álvaro Obregón
01279,Lomas de Becerra,Colonia,Álvaro Obregón
01280,Arvide,Colonia,Álvaro Obregón
01280,El Pocito,Colonia,Álvaro Obregón
01280,Francisco Villa,Colonia,Álvaro Obregón
01280,La Joya,Colonia,Álvaro Obregón
01285,El Rodeo,Colonia,Álvaro Obregón
01289,Reacomodo El Cuernito,Colonia,Álvaro Obregón
01290,Piloto Adolfo López Mateos,Colonia,Álvaro Obregón
01290,Presidentes,Colonia,Álvaro Obregón
01296,Jalalpa Tepito 2a Ampliación,Colonia,Álvaro Obregón
01296,Ampliación Jalalpa,Colonia,Álvaro Obregón
01296,Jalalpa Tepito,Colonia,Álvaro Obregón
01298,Ampliación Piloto Adolfo López Mateos,Colonia,Álvaro Obregón
01299,1a Ampliación Presidentes,Colonia,Álvaro Obregón
01299,2a Ampliación Presidentes,Colonia,Álvaro Obregón
01310,San Gabriel,Colonia,Álvaro Obregón
01320,Carlos A. Madrazo,Colonia,Álvaro Obregón
01330,Paseo de las Lomas,Colonia,Álvaro Obregón
01340,Bejero del Pueblo Santa Fe,Colonia,Álvaro Obregón
01376,Santa Fe,Colonia,Álvaro Obregón
01376,Santa Fe Peña Blanca,Colonia,Álvaro Obregón
01376,Santa Fe La Loma,Colonia,Álvaro Obregón
01376,Santa Fe Centro Ciudad,Colonia,Álvaro Obregón
01377,Jalalpa El Grande,Colonia,Álvaro Obregón
01389,Santa Fe Tlayapaca,Colonia,Álvaro Obregón
01400,Olivar del Conde 1a Sección,Colonia,Álvaro Obregón
01400,Preconcreto,Colonia,Álvaro Obregón
01407,Galeana,Colonia,Álvaro Obregón
01408,Olivar del Conde 2a Sección,Colonia,Álvaro Obregón
01410,Barrio Norte,Colonia,Álvaro Obregón
01410,Palmas,Colonia,Álvaro Obregón
01419,Minas Cristo Rey,Colonia,Álvaro Obregón
01420,Sacramento,Colonia,Álvaro Obregón
01420,Santa María Nonoalco,Barrio,Álvaro Obregón
01430,Colina del Sur,Colonia,Álvaro Obregón
01450,Hogar y Redención,Colonia,Álvaro Obregón
01460,Alfonso XIII,Colonia,Álvaro Obregón
01470,Alfalfar,Barrio,Álvaro Obregón
01470,Molino de Rosas,Colonia,Álvaro Obregón
01480,Lomas de Plateros,Colonia,Álvaro Obregón
01490,La Cascada,Colonia,Álvaro Obregón
01500,Santa Lucía,Pueblo,Álvaro Obregón
01500,Miguel Gaona Armenta,Colonia,Álvaro Obregón
01509,Santa Lucía Chantepec,Pueblo,Álvaro Obregón
01510,Garcimarrero,Colonia,Álvaro Obregón
01510,La Araña,Colonia,Álvaro Obregón
01510,Los Cedros,Colonia,Álvaro Obregón
01520,Ampliación Los Pirules,Colonia,Álvaro Obregón
01520,Estado de Hidalgo,Colonia,Álvaro Obregón
01520,Ampliación Estado de Hidalgo,Colonia,Álvaro Obregón
01520,Piru Santa Lucía,Colonia,Álvaro Obregón
01520,El Politoco,Colonia,Álvaro Obregón
01530,Corpus Christy,Colonia,Álvaro Obregón
01538,Tepopotla,Colonia,Álvaro Obregón
01539,Acuilotla,Colonia,Álvaro Obregón
01539,Cooperativa Unión Olivos,Colonia,Álvaro Obregón
01540,Balcones de Cehuayo,Colonia,Álvaro Obregón
01540,Cehuaya,Colonia,Álvaro Obregón
01540,Llano Redondo,Colonia,Álvaro Obregón
01540,Punta de Cehuaya,Colonia,Álvaro Obregón
01548,Villa Progresista,Colonia,Álvaro Obregón
01549,Dos Ríos del Pueblo Santa Lucía,Colonia,Álvaro Obregón
01550,Tepeaca,Colonia,Álvaro Obregón
01550,Ampliación Tepeaca,Colonia,Álvaro Obregón
01550,Rinconada Las Cuevitas,Colonia,Álvaro Obregón
01560,Ave Real,Colonia,Álvaro Obregón
01560,Canutillo,Colonia,Álvaro Obregón
01560,Canutillo 3a Sección,Colonia,Álvaro Obregón
01560,Canutillo 2a Sección,Colonia,Álvaro Obregón
01566,Hueytlale,Colonia,Álvaro Obregón
01569,Reacomodo Valentín Gómez Farías,Colonia,Álvaro Obregón
01588,Tarango,Colonia,Álvaro Obregón
01590,El Rincón,Colonia,Álvaro Obregón
01600,Merced Gómez,Colonia,Álvaro Obregón
01610,Colinas de Tarango,Colonia,Álvaro Obregón
01610,Profesor J. Arturo López Martínez,Colonia,Álvaro Obregón
01618,Arcos Centenario,Colonia,Álvaro Obregón
01618,Ex-Hacienda de Tarango,Colonia,Álvaro Obregón
01619,Rinconada de Tarango,Colonia,Álvaro Obregón
01619,La Martinica,Colonia,Álvaro Obregón
01620,Lomas de Tarango,Colonia,Álvaro Obregón
01630,Lomas de Puerta Grande,Colonia,Álvaro Obregón
01630,Puerta Grande,Colonia,Álvaro Obregón
01630,Los Juristas,Colonia,Álvaro Obregón
01640,Herón Proal,Colonia,Álvaro Obregón
01645,Ponciano Arriaga,Colonia,Álvaro Obregón
01650,La Milagrosa,Colonia,Álvaro Obregón
01650,Palmas Axotitla,Colonia,Álvaro Obregón
01650,Tlacuitlapa,Colonia,Álvaro Obregón
01650,Ampliación Tlacuitlapa,Colonia,Álvaro Obregón
01650,2o Reacomodo Tlacuitlapa,Colonia,Álvaro Obregón
01650,El Ruedo,Colonia,Álvaro Obregón
01650,Santa Lucía Chantepec,Colonia,Álvaro Obregón
01700,La Joyita del Pueblo Tetelpan,Colonia,Álvaro Obregón
01700,Ocotillos del Pueblo Tetelpan,Colonia,Álvaro Obregón
01700,San Agustín del Pueblo Tetelpan,Colonia,Álvaro Obregón
01700,2a Del Moral del Pueblo Tetelpan,Colonia,Álvaro Obregón
01700,Tecalcapa del Pueblo Tetelpan,Colonia,Álvaro Obregón
01700,Tetelpan,Pueblo,Álvaro Obregón
01708,El Encino del Pueblo Tetelpan,Colonia,Álvaro Obregón
01708,El Mirador del Pueblo Tetelpan,Colonia,Álvaro Obregón
01710,Las Águilas,Colonia,Álvaro Obregón
01710,Ampliación Alpes,Colonia,Álvaro Obregón
01720,Lomas de Guadalupe,Colonia,Álvaro Obregón
01729,Alcantarilla,Colonia,Álvaro Obregón
01730,Lomas de las Águilas,Colonia,Álvaro Obregón
01730,Puente Colorado,Colonia,Álvaro Obregón
01740,La Peñita del Pueblo Tetelpan,Colonia,Álvaro Obregón
01740,San Clemente Norte,Colonia,Álvaro Obregón
01740,San Clemente Sur,Colonia,Álvaro Obregón
01750,Las Águilas 1a Sección,Colonia,Álvaro Obregón
01750,Las Águilas 2o Parque,Colonia,Álvaro Obregón
01750,Las Águilas 3er Parque,Colonia,Álvaro Obregón
01759,Ampliación Las Águilas,Colonia,Álvaro Obregón
01760,Atlamaya,Colonia,Álvaro Obregón
01760,Flor de María,Colonia,Álvaro Obregón
01760,La Herradura del Pueblo Tetelpan,Colonia,Álvaro Obregón
01770,La Angostura,Colonia,Álvaro Obregón
01770,San José del Olivar,Colonia,Álvaro Obregón
01780,Olivar de los Padres,Colonia,Álvaro Obregón
01780,Tizampampano del Pueblo Tetelpan,Colonia,Álvaro Obregón
01789,Miguel Hidalgo,Colonia,Álvaro Obregón
01790,Lomas de los Ángeles del Pueblo Tetelpan,Colonia,Álvaro Obregón
01790,Lomas de San Ángel Inn,Colonia,Álvaro Obregón
01800,San Bartolo Ameyalco,Pueblo,Álvaro Obregón
01807,Rancho San Francisco Pueblo San Bartolo Ameyalco,Colonia,Álvaro Obregón
01810,Villa Verdún,Colonia,Álvaro Obregón
01820,Lomas Axomiatla,Colonia,Álvaro Obregón
01820,Ejido San Mateo,Colonia,Álvaro Obregón
01830,Santa Rosa Xochiac,Pueblo,Álvaro Obregón
01840,Torres de Potrero,Colonia,Álvaro Obregón
01849,Rincón de la Bolsa,Colonia,Álvaro Obregón
01849,Rancho del Carmen del Pueblo San Bartolo Ameyalco,Colonia,Álvaro Obregón
01857,Lomas de Chamontoya,Colonia,Álvaro Obregón
01859,Tlacoyaque,Colonia,Álvaro Obregón
01860,Lomas de La Era,Colonia,Álvaro Obregón
01863,Lomas del Capulín,Colonia,Álvaro Obregón
01870,Lomas de los Cedros,Colonia,Álvaro Obregón
01900,Jardines del Pedregal,Colonia,Álvaro Obregón
01904,San Jerónimo Aculco,Colonia,Álvaro Obregón
02000,Centro de Azcapotzalco,Colonia,Azcapotzalco
02010,Los Reyes,Barrio,Azcapotzalco
02010,San Rafael,Colonia,Azcapotzalco
02010,Nuevo Barrio San Rafael,Barrio,Azcapotzalco
02020,San Marcos,Barrio,Azcapotzalco
02020,Santo Tomás,Colonia,Azcapotzalco
02040,Del Maestro,Colonia,Azcapotzalco
02040,San Sebastián,Colonia,Azcapotzalco
02050,Libertad,Colonia,Azcapotzalco
02050,Santa María Malinalco,Pueblo,Azcapotzalco
02060,Sindicato Mexicano de Electricistas,Colonia,Azcapotzalco
02060,Un Hogar Para Cada Trabajador,Colonia,Azcapotzalco
02070,Del Recreo,Colonia,Azcapotzalco
02070,Nextengo,Barrio,Azcapotzalco
02080,Clavería,Colonia,Azcapotzalco
02080,Sector Naval,Colonia,Azcapotzalco
02090,San Álvaro,Colonia,Azcapotzalco
02099,Ángel Zimbrón,Colonia,Azcapotzalco
02100,El Rosario,Colonia,Azcapotzalco
02120,San Martín Xochinahuac,Pueblo,Azcapotzalco
02128,Nueva El Rosario,Colonia,Azcapotzalco
02129,Nueva España,Colonia,Azcapotzalco
02130,Tierra Nueva,Colonia,Azcapotzalco
02140,Santa Inés,Colonia,Azcapotzalco
02150,Pasteros,Colonia,Azcapotzalco
02160,Santo Domingo,Pueblo,Azcapotzalco
02200,Reynosa Tamaulipas,Colonia,Azcapotzalco
02230,Santa Bárbara,Pueblo,Azcapotzalco
02240,San Andrés,Barrio,Azcapotzalco
02240,San Andrés,Pueblo,Azcapotzalco
02250,Santa Catarina,Pueblo,Azcapotzalco
02300,Industrial Vallejo,Colonia,Azcapotzalco
02310,Ferrería,Colonia,Azcapotzalco
02320,San Andrés de las Salinas,Pueblo,Azcapotzalco
02330,Huautla de las Salinas,Barrio,Azcapotzalco
02340,Santa Cruz de las Salinas,Colonia,Azcapotzalco
02360,Las Salinas,Colonia,Azcapotzalco
02400,San Juan Tlihuaca,Pueblo,Azcapotzalco
02410,Prados del Rosario,Colonia,Azcapotzalco
02420,Ex-Hacienda El Rosario,Colonia,Azcapotzalco
02440,Providencia,Colonia,Azcapotzalco
02459,Tezozomoc,Colonia,Azcapotzalco
02460,La Preciosa,Colonia,Azcapotzalco
02470,Ampliación Petrolera,Colonia,Azcapotzalco
02480,Petrolera,Colonia,Azcapotzalco
02490,San Mateo,Barrio,Azcapotzalco
02500,Unidad Cuitláhuac,Colonia,Azcapotzalco
02519,El Jagüey,Colonia,Azcapotzalco
02520,Estación Pantaco,Equipamiento,Azcapotzalco
02530,Jardín Azpeitia,Colonia,Azcapotzalco
02600,Pro-Hogar,Colonia,Azcapotzalco
02630,Coltongo,Barrio,Azcapotzalco
02630,Coltongo,Colonia,Azcapotzalco
02640,Monte Alto,Colonia,Azcapotzalco
02650,Trabajadores de Hierro,Colonia,Azcapotzalco
02660,Euzkadi,Colonia,Azcapotzalco
02670,Cosmopolita,Colonia,Azcapotzalco
02680,Potrero del Llano,Colonia,Azcapotzalco
02700,San Miguel Amantla,Pueblo,Azcapotzalco
02710,San Pedro Xalpa,Pueblo,Azcapotzalco
02719,Ampliación San Pedro Xalpa,Colonia,Azcapotzalco
02720,San Antonio,Colonia,Azcapotzalco
02720,San Bartolo Cahualtongo,Pueblo,Azcapotzalco
02730,San Francisco Tetecala,Pueblo,Azcapotzalco
02750,Santiago Ahuizotla,Pueblo,Azcapotzalco
02760,Industrial San Antonio,Colonia,Azcapotzalco
02760,Santa Lucía,Barrio,Azcapotzalco
02770,Santa Cruz Acayucan,Pueblo,Azcapotzalco
02780,Plenitud,Colonia,Azcapotzalco
02790,Santa Apolonia,Barrio,Azcapotzalco
02800,Nueva Santa María,Colonia,Azcapotzalco
02810,Ignacio Allende,Colonia,Azcapotzalco
02810,Victoria de las Democracias,Colonia,Azcapotzalco
02830,San Bernabé,Barrio,Azcapotzalco
02840,Obrero Popular,Colonia,Azcapotzalco
02860,Tlatilco,Colonia,Azcapotzalco
02870,San Salvador Xochimanca,Colonia,Azcapotzalco
02900,Aguilera,Colonia,Azcapotzalco
02910,Aldana,Colonia,Azcapotzalco
02920,Ampliación Cosmopolita,Colonia,Azcapotzalco
02930,Liberación,Colonia,Azcapotzalco
02940,Porvenir,Colonia,Azcapotzalco
02950,Del Gas,Colonia,Azcapotzalco
02960,San Francisco Xocotitla,Pueblo,Azcapotzalco
02970,Ampliación Del Gas,Colonia,Azcapotzalco
02980,Arenal,Colonia,Azcapotzalco
02980,Patrimonio Familiar,Colonia,Azcapotzalco
02990,La Raza,Colonia,Azcapotzalco
03000,Piedad Narvarte,Colonia,Benito Juárez
03010,Atenor Salas,Colonia,Benito Juárez
03020,Narvarte Poniente,Colonia,Benito Juárez
03023,Narvarte Oriente,Colonia,Benito Juárez
03100,Del Valle Centro,Colonia,Benito Juárez
03100,Insurgentes San Borja,Colonia,Benito Juárez
03103,Del Valle Norte,Colonia,Benito Juárez
03104,Del Valle Sur,Colonia,Benito Juárez
03200,Tlacoquemécatl,Colonia,Benito Juárez
03230,Actipan,Colonia,Benito Juárez
03240,Acacias,Colonia,Benito Juárez
03300,Portales Sur,Colonia,Benito Juárez
03303,Portales Norte,Colonia,Benito Juárez
03310,Santa Cruz Atoyac,Colonia,Benito Juárez
03320,Residencial Emperadores,Colonia,Benito Juárez
03330,Xoco,Colonia,Benito Juárez
03340,General Pedro María Anaya,Colonia,Benito Juárez
03400,Álamos,Colonia,Benito Juárez
03410,Postal,Colonia,Benito Juárez
03420,Miguel Alemán,Colonia,Benito Juárez
03430,Josefa Ortiz de Domínguez,Colonia,Benito Juárez
03440,Niños Héroes,Colonia,Benito Juárez
03500,Nativitas,Colonia,Benito Juárez
03510,Moderna,Colonia,Benito Juárez
03520,Iztaccihuatl,Colonia,Benito Juárez
03530,Villa de Cortes,Colonia,Benito Juárez
03540,Del Carmen,Colonia,Benito Juárez
03550,Zacahuitzco,Colonia,Benito Juárez
03560,Albert,Colonia,Benito Juárez
03570,Portales Oriente,Colonia,Benito Juárez
03580,Miravalle,Colonia,Benito Juárez
03590,Ermita,Colonia,Benito Juárez
03600,Vértiz Narvarte,Colonia,Benito Juárez
03610,Américas Unidas,Colonia,Benito Juárez
03620,Periodista,Colonia,Benito Juárez
03630,Independencia,Colonia,Benito Juárez
03640,Del Lago,Colonia,Benito Juárez
03650,Letrán Valle,Colonia,Benito Juárez
03660,San Simón Ticumac,Colonia,Benito Juárez
03700,Santa María Nonoalco,Colonia,Benito Juárez
03710,Ciudad de los Deportes,Colonia,Benito Juárez
03720,Nochebuena,Colonia,Benito Juárez
03730,San Juan,Colonia,Benito Juárez
03740,Extremadura Insurgentes,Colonia,Benito Juárez
03800,San Pedro de los Pinos,Colonia,Benito Juárez
03810,Nápoles,Colonia,Benito Juárez
03820,8 de Agosto,Colonia,Benito Juárez
03840,Ampliación Nápoles,Colonia,Benito Juárez
03900,San José Insurgentes,Colonia,Benito Juárez
03910,Mixcoac,Colonia,Benito Juárez
03920,Insurgentes Mixcoac,Colonia,Benito Juárez
03930,Merced Gómez,Colonia,Benito Juárez
03940,Crédito Constructor,Colonia,Benito Juárez
04000,Villa Coyoacán,Colonia,Coyoacán
04010,Santa Catarina,Barrio,Coyoacán
04020,La Concepción,Barrio,Coyoacán
04030,San Lucas,Barrio,Coyoacán
04040,Parque San Andrés,Colonia,Coyoacán
04100,Del Carmen,Colonia,Coyoacán
04120,San Diego Churubusco,Colonia,Coyoacán
04120,San Mateo,Colonia,Coyoacán
04200,Campestre Churubusco,Colonia,Coyoacán
04210,Churubusco Country Club,Colonia,Coyoacán
04230,Prado Churubusco,Colonia,Coyoacán
04240,Hermosillo,Colonia,Coyoacán
04250,Paseos de Taxqueña,Colonia,Coyoacán
04260,San Francisco Culhuacán Barrio de San Francisco,Barrio,Coyoacán
04260,San Francisco Culhuacán Barrio de La Magdalena,Barrio,Coyoacán
04260,San Francisco Culhuacán Barrio de Santa Ana,Barrio,Coyoacán
04260,San Francisco Culhuacán Barrio de San Juan,Barrio,Coyoacán
04300,Ajusco,Colonia,Coyoacán
04310,Romero de Terreros,Colonia,Coyoacán
04318,Oxtopulco Universidad,Barrio,Coyoacán
04320,Cuadrante de San Francisco,Colonia,Coyoacán
04320,Pedregal de San Francisco,Colonia,Coyoacán
04330,El Rosedal,Colonia,Coyoacán
04330,Los Reyes,Pueblo,Coyoacán
04330,Del Niño Jesús,Barrio,Coyoacán
04340,Copilco El Bajo,Colonia,Coyoacán
04360,Copilco El Alto,Colonia,Coyoacán
04360,Copilco Universidad,Colonia,Coyoacán
04369,Pedregal de Santo Domingo,Colonia,Coyoacán
04370,Atlántida,Colonia,Coyoacán
04370,Ciudad Jardín,Colonia,Coyoacán
04380,El Rosario,Colonia,Coyoacán
04380,La Candelaria,Pueblo,Coyoacán
04390,Huayamilpas,Colonia,Coyoacán
04390,Nueva Díaz Ordaz,Colonia,Coyoacán
04400,Educación,Colonia,Coyoacán
04410,Petrolera Taxqueña,Colonia,Coyoacán
04420,Ex-Ejido de San Francisco Culhuacán,Colonia,Coyoacán
04440,Culhuacán CTM Sección V,Colonia,Coyoacán
04440,Culhuacán CTM Sección II,Colonia,Coyoacán
04440,Culhuacán CTM Sección I,Colonia,Coyoacán
04450,El Centinela,Colonia,Coyoacán
04460,Avante,Colonia,Coyoacán
04470,Presidentes Ejidales 1a Sección,Colonia,Coyoacán
04470,Presidentes Ejidales 2a Sección,Colonia,Coyoacán
04480,Culhuacán CTM Sección VI,Colonia,Coyoacán
04480,Culhuacán CTM Sección III,Colonia,Coyoacán
04480,Culhuacán CTM CROC,Colonia,Coyoacán
04480,Culhuacán CTM Sección X-A,Colonia,Coyoacán
04489,Culhuacán CTM Sección VII,Colonia,Coyoacán
04490,Culhuacán CTM Sección Piloto,Colonia,Coyoacán
04490,Culhuacán CTM Canal Nacional,Colonia,Coyoacán
04500,Jardines del Pedregal de San Ángel,Colonia,Coyoacán
04510,Universidad Nacional Autónoma de México,Equipamiento,Coyoacán
04519,La Otra Banda,Colonia,Coyoacán
04530,Insurgentes Cuicuilco,Colonia,Coyoacán
04600,Pedregal de Santa Úrsula,Colonia,Coyoacán
04610,Xotepingo,Colonia,Coyoacán
04620,San Pablo Tepetlapa,Pueblo,Coyoacán
04630,Adolfo Ruiz Cortínes,Colonia,Coyoacán
04640,El Reloj,Colonia,Coyoacán
04650,Santa Úrsula Coapa,Pueblo,Coyoacán
04660,Joyas del Pedregal,Colonia,Coyoacán
04700,Pedregal de Carrasco,Colonia,Coyoacán
04710,Olímpica,Colonia,Coyoacán
04730,Cantil del Pedregal,Colonia,Coyoacán
04730,Bosques de Tetlameya,Colonia,Coyoacán
04739,El Caracol,Colonia,Coyoacán
04800,Alianza Popular Revolucionaria,Colonia,Coyoacán
04800,Los Cedros,Colonia,Coyoacán
04810,Prados de Coyoacán,Colonia,Coyoacán
04815,Emiliano Zapata,Colonia,Coyoacán
04830,Los Cipreses,Colonia,Coyoacán
04840,Ex-Ejido de San Pablo Tepetlapa,Colonia,Coyoacán
04870,Espartaco,Colonia,Coyoacán
04890,Jardines de Coyoacán,Colonia,Coyoacán
04890,Los Olivos,Colonia,Coyoacán
04899,El Parque de Coyoacán,Colonia,Coyoacán
04909,Culhuacán CTM Sección VIII,Colonia,Coyoacán
04909,Culhuacán CTM Sección IX-A,Colonia,Coyoacán
04909,Culhuacán CTM Sección IX-B,Colonia,Coyoacán
04910,Carmen Serdán,Colonia,Coyoacán
04918,Cafetales,Colonia,Coyoacán
04919,Emiliano Zapata Fraccionamiento Popular,Colonia,Coyoacán
04920,Los Girasoles,Colonia,Coyoacán
04929,Las Campanas,Colonia,Coyoacán
04930,Santa Cecilia,Colonia,Coyoacán
04938,Campestre Coyoacán,Colonia,Coyoacán
04939,Culhuacán CTM Sección X,Colonia,Coyoacán
04940,Los Sauces,Colonia,Coyoacán
04950,El Mirador,Colonia,Coyoacán
04960,Villa Quietud,Colonia,Coyoacán
04970,Haciendas de Coyoacán,Colonia,Coyoacán
04980,Ex-Ejido de Santa Úrsula Coapa,Colonia,Coyoacán
04980,Ex-Hacienda Coapa,Colonia,Coyoacán
04980,Viejo Ejido de Santa Úrsula Coapa,Colonia,Coyoacán
05000,Cuajimalpa,Colonia,Cuajimalpa de Morelos
05010,Zentlapatl,Colonia,Cuajimalpa de Morelos
05020,Loma del Padre,Colonia,Cuajimalpa de Morelos
05030,San Pedro,Colonia,Cuajimalpa de Morelos
05030,La Manzanita,Colonia,Cuajimalpa de Morelos
05050,San Pablo Chimalpa,Pueblo,Cuajimalpa de Morelos
05100,Lomas de Vista Hermosa,Colonia,Cuajimalpa de Morelos
05110,Cooperativa Palo Alto,Colonia,Cuajimalpa de Morelos
05118,Granjas Palo Alto,Colonia,Cuajimalpa de Morelos
05119,Campestre Palo Alto,Colonia,Cuajimalpa de Morelos
05120,Bosques de las Lomas,Colonia,Cuajimalpa de Morelos
05129,Lomas del Chamizal,Colonia,Cuajimalpa de Morelos
05200,San José de los Cedros,Colonia,Cuajimalpa de Morelos
05219,Granjas Navidad,Colonia,Cuajimalpa de Morelos
05220,Tepetongo,Colonia,Cuajimalpa de Morelos
05230,El Ébano,Colonia,Cuajimalpa de Morelos
05240,El Molino,Colonia,Cuajimalpa de Morelos
05260,Jesús del Monte,Colonia,Cuajimalpa de Morelos
05269,Amado Nervo,Colonia,Cuajimalpa de Morelos
05270,Manzanastitla,Colonia,Cuajimalpa de Morelos
05280,Adolfo López Mateos,Colonia,Cuajimalpa de Morelos
05310,El Molinito,Colonia,Cuajimalpa de Morelos
05320,El Yaqui,Colonia,Cuajimalpa de Morelos
05330,Lomas de Memetla,Colonia,Cuajimalpa de Morelos
05330,Memetla,Colonia,Cuajimalpa de Morelos
05330,Ampliación Memetla,Colonia,Cuajimalpa de Morelos
05330,Ampliación el Yaqui,Colonia,Cuajimalpa de Morelos
05348,Santa Fe Cuajimalpa,Colonia,Cuajimalpa de Morelos
05360,Locaxco,Colonia,Cuajimalpa de Morelos
05370,Las Tinajas,Colonia,Cuajimalpa de Morelos
05379,Lomas de San Pedro,Colonia,Cuajimalpa de Morelos
05400,El Tianguillo,Colonia,Cuajimalpa de Morelos
05410,San Lorenzo Acopilco,Pueblo,Cuajimalpa de Morelos
05410,1° de Mayo,Colonia,Cuajimalpa de Morelos
05500,Contadero,Colonia,Cuajimalpa de Morelos
05520,La Venta,Colonia,Cuajimalpa de Morelos
05530,Abdías García Soto,Colonia,Cuajimalpa de Morelos
05600,San Mateo Tlaltenango,Pueblo,Cuajimalpa de Morelos
05610,Santa Rosa Xochiac,Pueblo,Cuajimalpa de Morelos
05700,Cruz Blanca,Colonia,Cuajimalpa de Morelos
05710,Las Maromas,Colonia,Cuajimalpa de Morelos
05730,Xalpa,Colonia,Cuajimalpa de Morelos
05750,La Pila,Colonia,Cuajimalpa de Morelos
05760,Las Lajas,Colonia,Cuajimalpa de Morelos
05780,Agua Bendita,Colonia,Cuajimalpa de Morelos
06000,Centro (Área 1),Colonia,Cuauhtémoc
06010,Centro (Área 2),Colonia,Cuauhtémoc
06020,Centro (Área 3),Colonia,Cuauhtémoc
06030,Tabacalera,Colonia,Cuauhtémoc
06040,Centro (Área 4),Colonia,Cuauhtémoc
06050,Centro (Área 5),Colonia,Cuauhtémoc
06060,Centro (Área 6),Colonia,Cuauhtémoc
06070,Centro (Área 7),Colonia,Cuauhtémoc
06080,Centro (Área 8),Colonia,Cuauhtémoc
06090,Centro (Área 9),Colonia,Cuauhtémoc
06100,Hipódromo,Colonia,Cuauhtémoc
06140,Condesa,Colonia,Cuauhtémoc
06170,Hipódromo Condesa,Colonia,Cuauhtémoc
06200,Morelos,Colonia,Cuauhtémoc
06220,Peralvillo,Colonia,Cuauhtémoc
06240,Valle Gómez,Colonia,Cuauhtémoc
06250,Ex-Hipódromo de Peralvillo,Colonia,Cuauhtémoc
06270,Maza,Colonia,Cuauhtémoc
06280,Felipe Pescador,Colonia,Cuauhtémoc
06300,Guerrero,Colonia,Cuauhtémoc
06350,Buenavista,Colonia,Cuauhtémoc
06400,Santa María la Ribera,Colonia,Cuauhtémoc
06430,Santa María Insurgentes,Colonia,Cuauhtémoc
06450,Atlampa,Colonia,Cuauhtémoc
06470,San Rafael,Colonia,Cuauhtémoc
06500,Cuauhtémoc,Colonia,Cuauhtémoc
06600,Juárez,Colonia,Cuauhtémoc
06700,Roma Norte,Colonia,Cuauhtémoc
06720,Doctores,Colonia,Cuauhtémoc
06760,Roma Sur,Colonia,Cuauhtémoc
06780,Buenos Aires,Colonia,Cuauhtémoc
06800,Obrera,Colonia,Cuauhtémoc
06820,Tránsito,Colonia,Cuauhtémoc
06840,Esperanza,Colonia,Cuauhtémoc
06850,Asturias,Colonia,Cuauhtémoc
06860,Vista Alegre,Colonia,Cuauhtémoc
06870,Paulino Navarro,Colonia,Cuauhtémoc
06880,Algarin,Colonia,Cuauhtémoc
06890,Ampliación Asturias,Colonia,Cuauhtémoc
06900,Nonoalco Tlatelolco,Colonia,Cuauhtémoc
06920,San Simón Tolnáhuac,Colonia,Cuauhtémoc
07000,Aragón la Villa,Colonia,Gustavo A. Madero
07010,Rosas del Tepeyac,Colonia,Gustavo A. Madero
07010,Santa Isabel Tola,Colonia,Gustavo A. Madero
07010,Tepetates,Colonia,Gustavo A. Madero
07020,Tepeyac Insurgentes,Colonia,Gustavo A. Madero
07040,Santiago Atzacoalco,Pueblo,Gustavo A. Madero
07050,Villa Gustavo A. Madero,Colonia,Gustavo A. Madero
07058,15 de Agosto,Colonia,Gustavo A. Madero
07060,Estanzuela,Colonia,Gustavo A. Madero
07069,Triunfo de La República,Colonia,Gustavo A. Madero
07070,La Cruz,Colonia,Gustavo A. Madero
07070,Dinamita,Colonia,Gustavo A. Madero
07070,Martín Carrera,Colonia,Gustavo A. Madero
07080,Gabriel Hernández,Colonia,Gustavo A. Madero
07089,Ampliación Gabriel Hernández,Colonia,Gustavo A. Madero
07090,C.T.M. Atzacoalco,Colonia,Gustavo A. Madero
07090,C.T.M. El Risco,Colonia,Gustavo A. Madero
07100,Cuautepec Barrio Alto,Colonia,Gustavo A. Madero
07100,San Miguel,Colonia,Gustavo A. Madero
07109,San Antonio,Colonia,Gustavo A. Madero
07110,Lomas de Cuautepec,Colonia,Gustavo A. Madero
07119,Malacates,Colonia,Gustavo A. Madero
07119,Ampliación Malacates,Colonia,Gustavo A. Madero
07130,Compositores Mexicanos,Colonia,Gustavo A. Madero
07130,El Tepetatal,Colonia,Gustavo A. Madero
07140,Arboledas,Colonia,Gustavo A. Madero
07140,Ampliación Arboledas,Colonia,Gustavo A. Madero
07140,Forestal,Colonia,Gustavo A. Madero
07140,Forestal I,Colonia,Gustavo A. Madero
07144,Forestal II,Colonia,Gustavo A. Madero
07144,La Lengüeta,Colonia,Gustavo A. Madero
07149,Parque Metropolitano,Colonia,Gustavo A. Madero
07150,Juventino Rosas,Colonia,Gustavo A. Madero
07150,La Casilda,Colonia,Gustavo A. Madero
07160,Loma La Palma,Colonia,Gustavo A. Madero
07164,Luis Donaldo Colosio,Colonia,Gustavo A. Madero
07164,Tlacaélel,Colonia,Gustavo A. Madero
07164,Graciano Sánchez,Colonia,Gustavo A. Madero
07164,Prados de Cuautepec,Colonia,Gustavo A. Madero
07170,Palmatitla,Colonia,Gustavo A. Madero
07180,Cocoyotes,Colonia,Gustavo A. Madero
07180,General Felipe Berriozabal,Colonia,Gustavo A. Madero
07180,Ampliación Cocoyotes,Colonia,Gustavo A. Madero
07183,6 de Junio,Colonia,Gustavo A. Madero
07187,Vista Hermosa,Colonia,Gustavo A. Madero
07188,Tlalpexco,Colonia,Gustavo A. Madero
07189,Ahuehuetes,Colonia,Gustavo A. Madero
07190,Valle de Madero,Colonia,Gustavo A. Madero
07199,Del Carmen,Colonia,Gustavo A. Madero
07200,Cuautepec de Madero,Colonia,Gustavo A. Madero
07207,Del Bosque,Colonia,Gustavo A. Madero
07209,Guadalupe Victoria Cuautepec,Colonia,Gustavo A. Madero
07210,Chalma de Guadalupe,Colonia,Gustavo A. Madero
07214,Ampliación Chalma de Guadalupe,Colonia,Gustavo A. Madero
07220,Castillo Chico,Colonia,Gustavo A. Madero
07220,Castillo Grande,Colonia,Gustavo A. Madero
07224,Ampliación Castillo Grande,Colonia,Gustavo A. Madero
07230,Zona Escolar,Colonia,Gustavo A. Madero
07239,Zona Escolar Oriente,Colonia,Gustavo A. Madero
07240,El Arbolillo,Colonia,Gustavo A. Madero
07250,Benito Juárez,Colonia,Gustavo A. Madero
07259,Ampliación Benito Juárez,Colonia,Gustavo A. Madero
07268,Solidaridad Nacional,Colonia,Gustavo A. Madero
07270,Residencial Acueducto de Guadalupe,Colonia,Gustavo A. Madero
07279,Acueducto de Guadalupe,Colonia,Gustavo A. Madero
07280,Jorge Negrete,Colonia,Gustavo A. Madero
07290,La Pastora,Colonia,Gustavo A. Madero
07300,Lindavista Norte,Colonia,Gustavo A. Madero
07300,Lindavista Sur,Colonia,Gustavo A. Madero
07310,Candelaria Ticomán,Barrio,Gustavo A. Madero
07320,La Purísima Ticomán,Barrio,Gustavo A. Madero
07320,Residencial la Escalera,Colonia,Gustavo A. Madero
07330,Santa María Ticomán,Colonia,Gustavo A. Madero
07340,La Laguna Ticomán,Barrio,Gustavo A. Madero
07340,San José Ticomán,Colonia,Gustavo A. Madero
07350,Guadalupe Ticomán,Barrio,Gustavo A. Madero
07350,San Juan y Guadalupe Ticomán,Barrio,Gustavo A. Madero
07359,San Rafael Ticomán,Barrio,Gustavo A. Madero
07360,San Pedro Zacatenco,Colonia,Gustavo A. Madero
07369,Residencial Zacatenco,Colonia,Gustavo A. Madero
07370,Capultitlan,Colonia,Gustavo A. Madero
07380,Maximino Ávila Camacho,Colonia,Gustavo A. Madero
07380,Tlacamaca,Colonia,Gustavo A. Madero
07400,Salvador Díaz Mirón,Colonia,Gustavo A. Madero
07410,Juan González Romero,Colonia,Gustavo A. Madero
07410,Villa Hermosa,Colonia,Gustavo A. Madero
07420,El Coyol,Colonia,Gustavo A. Madero
07420,Nueva Atzacoalco,Colonia,Gustavo A. Madero
07430,Del Obrero,Colonia,Gustavo A. Madero
07440,Vasco de Quiroga,Colonia,Gustavo A. Madero
07450,DM Nacional,Colonia,Gustavo A. Madero
07455,Ferrocarrilera,Colonia,Gustavo A. Madero
07456,LI Legislatura,Colonia,Gustavo A. Madero
07460,Granjas Modernas,Colonia,Gustavo A. Madero
07469,Constitución de La República,Colonia,Gustavo A. Madero
07470,Ampliación San Juan de Aragón,Colonia,Gustavo A. Madero
07480,San Pedro El Chico,Colonia,Gustavo A. Madero
07500,La Pradera,Colonia,Gustavo A. Madero
07509,Pradera II Sección,Colonia,Gustavo A. Madero
07510,San Felipe de Jesús,Colonia,Gustavo A. Madero
07520,25 de Julio,Colonia,Gustavo A. Madero
07530,Campestre Aragón,Colonia,Gustavo A. Madero
07540,La Esmeralda,Colonia,Gustavo A. Madero
07550,Providencia,Colonia,Gustavo A. Madero
07560,Ampliación Providencia,Colonia,Gustavo A. Madero
07570,Villa de Aragón,Colonia,Gustavo A. Madero
07580,Ampliación Casas Alemán,Colonia,Gustavo A. Madero
07600,Progreso Nacional,Colonia,Gustavo A. Madero
07620,Santa Rosa,Colonia,Gustavo A. Madero
07630,San José de la Escalera,Colonia,Gustavo A. Madero
07640,Santiago Atepetlac,Colonia,Gustavo A. Madero
07650,Ampliación Progreso Nacional,Colonia,Gustavo A. Madero
07670,Guadalupe Proletaria,Colonia,Gustavo A. Madero
07680,Ampliación Guadalupe Proletaria,Colonia,Gustavo A. Madero
07700,Nueva Industrial Vallejo,Colonia,Gustavo A. Madero
07707,Siete Maravillas,Colonia,Gustavo A. Madero
07708,Torres Lindavista,Colonia,Gustavo A. Madero
07720,Lindavista Vallejo I Sección,Colonia,Gustavo A. Madero
07730,Churubusco Tepeyac,Colonia,Gustavo A. Madero
07730,Montevideo,Colonia,Gustavo A. Madero
07730,San Bartolo Atepehuacan,Colonia,Gustavo A. Madero
07739,Planetario Lindavista,Colonia,Gustavo A. Madero
07740,Valle del Tepeyac,Colonia,Gustavo A. Madero
07750,Nueva Vallejo,Colonia,Gustavo A. Madero
07754,Lindavista Vallejo III Sección,Colonia,Gustavo A. Madero
07755,Lindavista Vallejo II Sección,Colonia,Gustavo A. Madero
07760,Magdalena de las Salinas,Colonia,Gustavo A. Madero
07770,Panamericana,Colonia,Gustavo A. Madero
07770,Ampliación Panamericana,Colonia,Gustavo A. Madero
07780,Defensores de La República,Colonia,Gustavo A. Madero
07780,Héroe de Nacozari,Colonia,Gustavo A. Madero
07790,Guadalupe Victoria,Colonia,Gustavo A. Madero
07790,Vallejo Poniente,Colonia,Gustavo A. Madero
07800,Industrial,Colonia,Gustavo A. Madero
07810,Estrella,Colonia,Gustavo A. Madero
07820,Aragón Inguarán,Colonia,Gustavo A. Madero
07820,Tres Estrellas,Colonia,Gustavo A. Madero
07830,Gertrudis Sánchez 1a Sección,Colonia,Gustavo A. Madero
07838,Gertrudis Sánchez 3a Sección,Colonia,Gustavo A. Madero
07839,Gertrudis Sánchez 2a Sección,Colonia,Gustavo A. Madero
07840,Guadalupe Tepeyac,Colonia,Gustavo A. Madero
07840,7 de Noviembre,Colonia,Gustavo A. Madero
07850,Bondojito,Colonia,Gustavo A. Madero
07850,Faja de Oro,Colonia,Gustavo A. Madero
07858,Ampliación Emiliano Zapata,Colonia,Gustavo A. Madero
07859,Ampliación Mártires de Río Blanco,Colonia,Gustavo A. Madero
07860,La Joyita,Colonia,Gustavo A. Madero
07860,Tablas de San Agustín,Colonia,Gustavo A. Madero
07869,Belisario Domínguez,Colonia,Gustavo A. Madero
07870,Guadalupe Insurgentes,Colonia,Gustavo A. Madero
07870,Vallejo,Colonia,Gustavo A. Madero
07880,Mártires de Río Blanco,Colonia,Gustavo A. Madero
07889,Emiliano Zapata,Colonia,Gustavo A. Madero
07890,Nueva Tenochtitlán,Colonia,Gustavo A. Madero
07890,Cuchilla La Joya,Colonia,Gustavo A. Madero
07890,La Joya,Colonia,Gustavo A. Madero
07899,La Malinche,Colonia,Gustavo A. Madero
07900,Cuchilla del Tesoro,Colonia,Gustavo A. Madero
07910,San Juan de Aragón VII Sección,Colonia,Gustavo A. Madero
07918,San Juan de Aragón VI Sección,Colonia,Gustavo A. Madero
07919,Ex Ejido San Juan de Aragón Sector 32,Colonia,Gustavo A. Madero
07920,El Olivo,Colonia,Gustavo A. Madero
07920,San Juan de Aragón,Colonia,Gustavo A. Madero
07930,Indeco,Colonia,Gustavo A. Madero
07939,Héroes de Chapultepec,Colonia,Gustavo A. Madero
07940,Ex Ejido San Juan de Aragón Sector 33,Colonia,Gustavo A. Madero
07950,San Juan de Aragón,Pueblo,Gustavo A. Madero
07960,Héroes de Cerro Prieto,Colonia,Gustavo A. Madero
07960,Ex Escuela de Tiro,Colonia,Gustavo A. Madero
07960,Fernando Casas Alemán,Colonia,Gustavo A. Madero
07969,San Juan de Aragón I Sección,Colonia,Gustavo A. Madero
07969,San Juan de Aragón II Sección,Colonia,Gustavo A. Madero
07970,San Juan de Aragón III Sección,Colonia,Gustavo A. Madero
07979,San Juan de Aragón IV Sección,Colonia,Gustavo A. Madero
07979,San Juan de Aragón V Sección,Colonia,Gustavo A. Madero
07980,Narciso Bassols,Colonia,Gustavo A. Madero
07990,C.T.M. Aragón,Colonia,Gustavo A. Madero
08000,Gabriel Ramos Millán Sección Bramadero,Colonia,Iztacalco
08010,Ex-Ejido de La Magdalena Mixiuhca,Colonia,Iztacalco
08020,Ampliación Gabriel Ramos Millán,Colonia,Iztacalco
08030,Gabriel Ramos Millán Sección Cuchilla,Colonia,Iztacalco
08040,Carlos Zapata Vela,Colonia,Iztacalco
08100,Agrícola Pantitlán,Colonia,Iztacalco
08200,Viaducto Piedad,Colonia,Iztacalco
08210,Nueva Santa Anita,Colonia,Iztacalco
08220,San Pedro,Barrio,Iztacalco
08230,San Francisco Xicaltongo,Barrio,Iztacalco
08240,Santiago Norte,Barrio,Iztacalco
08300,Santa Anita,Colonia,Iztacalco
08310,La Cruz,Colonia,Iztacalco
08320,Fraccionamiento Coyuya,Colonia,Iztacalco
08400,Granjas México,Colonia,Iztacalco
08420,Cuchilla Agrícola Oriental,Colonia,Iztacalco
08500,Agrícola Oriental,Colonia,Iztacalco
08510,El Rodeo,Colonia,Iztacalco
08600,La Asunción,Barrio,Iztacalco
08610,Zapotla,Barrio,Iztacalco
08620,Los Reyes,Barrio,Iztacalco
08650,San Miguel,Barrio,Iztacalco
08700,Juventino Rosas,Colonia,Iztacalco
08710,Tlazintla,Colonia,Iztacalco
08720,Gabriel Ramos Millán Sección Tlacotal,Colonia,Iztacalco
08730,Gabriel Ramos Millán,Colonia,Iztacalco
08760,INPI Picos,Colonia,Iztacalco
08760,Los Picos de Iztacalco Sección 2A,Colonia,Iztacalco
08760,Los Picos de Iztacalco Sección 1B,Colonia,Iztacalco
08770,Los Picos de Iztacalco Sección 1A,Colonia,Iztacalco
08800,Santiago Sur,Barrio,Iztacalco
08810,Reforma Iztaccíhuatl Norte,Colonia,Iztacalco
08830,Militar Marte,Colonia,Iztacalco
08840,Reforma Iztaccíhuatl Sur,Colonia,Iztacalco
08900,INFONAVIT Iztacalco,Colonia,Iztacalco
08910,Santa Cruz,Barrio,Iztacalco
08920,Jardines Tecma,Colonia,Iztacalco
08930,Campamento 2 de Octubre,Colonia,Iztacalco
09000,La Asunción,Barrio,Iztapalapa
09000,San Ignacio,Barrio,Iztapalapa
09000,San José,Barrio,Iztapalapa
09000,San Lucas,Barrio,Iztapalapa
09000,San Pablo,Barrio,Iztapalapa
09000,San Pedro,Barrio,Iztapalapa
09000,Santa Bárbara,Barrio,Iztapalapa
09010,Real del Moral,Colonia,Iztapalapa
09020,Dr. Alfonso Ortiz Tirado,Colonia,Iztapalapa
09030,Paseos de Churubusco,Colonia,Iztapalapa
09040,Central de Abasto,Colonia,Iztapalapa
09060,Escuadrón 201,Colonia,Iztapalapa
09060,Sector Popular,Colonia,Iztapalapa
09070,Granjas de San Antonio,Colonia,Iztapalapa
09080,Cacama,Colonia,Iztapalapa
09089,Unidad Modelo,Colonia,Iztapalapa
09090,Héroes de Churubusco,Colonia,Iztapalapa
09099,Mexicaltzingo,Pueblo,Iztapalapa
09100,Juan Escutia,Colonia,Iztapalapa
09130,San Lorenzo Xicotencatl,Pueblo,Iztapalapa
09140,Santa Martha Acatitla Norte,Colonia,Iztapalapa
09180,Ermita Zaragoza,Colonia,Iztapalapa
09200,Unidad Vicente Guerrero,Colonia,Iztapalapa
09208,Chinampac de Juárez,Colonia,Iztapalapa
09209,Renovación,Colonia,Iztapalapa
09210,Tepalcates,Colonia,Iztapalapa
09220,Unidad Ejército Constitucionalista,Colonia,Iztapalapa
09230,Álvaro Obregón,Colonia,Iztapalapa
09230,Ejército de Oriente,Colonia,Iztapalapa
09230,El Paraíso,Colonia,Iztapalapa
09230,José María Morelos y Pavón,Colonia,Iztapalapa
09239,Ejército de Oriente Zona Peñón,Colonia,Iztapalapa
09240,Progresista,Colonia,Iztapalapa
09250,La Regadera,Colonia,Iztapalapa
09260,Constitución de 1917,Colonia,Iztapalapa
09270,Colonial Iztapalapa,Colonia,Iztapalapa
09280,Jacarandas,Colonia,Iztapalapa
09290,Santa Cruz Meyehualco,Colonia,Iztapalapa
09300,Guadalupe del Moral,Colonia,Iztapalapa
09310,Leyes de Reforma 1a Sección,Colonia,Iztapalapa
09310,Leyes de Reforma 2a Sección,Colonia,Iztapalapa
09310,Leyes de Reforma 3a Sección,Colonia,Iztapalapa
09319,Cuchilla del Moral,Colonia,Iztapalapa
09320,Sideral,Colonia,Iztapalapa
09350,Albarrada,Colonia,Iztapalapa
09359,Eva Sámano de López Mateos,Colonia,Iztapalapa
09360,San Miguel,Barrio,Iztapalapa
09360,Ampliación San Miguel,Colonia,Iztapalapa
09400,San Juanico Nextipac,Pueblo,Iztapalapa
09400,El Sifón,Colonia,Iztapalapa
09410,Aculco,Pueblo,Iztapalapa
09410,Jardines de Churubusco,Colonia,Iztapalapa
09410,Magdalena Atlazolpa,Pueblo,Iztapalapa
09410,San José Aculco,Colonia,Iztapalapa
09420,Los Picos VI-B,Colonia,Iztapalapa
09420,Nueva Rosita,Colonia,Iztapalapa
09429,Purísima Atlazolpa,Colonia,Iztapalapa
09430,Apatlaco,Colonia,Iztapalapa
09430,El Triunfo,Colonia,Iztapalapa
09438,Ampliación El Triunfo,Colonia,Iztapalapa
09440,El Retoño,Colonia,Iztapalapa
09440,San Andrés Tetepilco,Colonia,Iztapalapa
09440,Zacahuitzco,Colonia,Iztapalapa
09450,Banjidal,Colonia,Iztapalapa
09460,Justo Sierra,Colonia,Iztapalapa
09470,Sinatel,Colonia,Iztapalapa
09479,Ampliación Sinatel,Colonia,Iztapalapa
09480,El Prado,Colonia,Iztapalapa
09500,Santa María Aztahuacán,Pueblo,Iztapalapa
09500,Santa María Aztahuacán Ampliación,Colonia,Iztapalapa
09510,Santa Martha Acatitla,Pueblo,Iztapalapa
09520,El Edén,Colonia,Iztapalapa
09520,San Sebastián Tecoloxtitla,Pueblo,Iztapalapa
09530,Santa Martha Acatitla Sur,Colonia,Iztapalapa
09550,Monte Alban,Colonia,Iztapalapa
09560,Paraje Zacatepec,Colonia,Iztapalapa
09570,Santa María Aztahuacán,Colonia,Iztapalapa
09578,Ejército de Agua Prieta,Colonia,Iztapalapa
09600,Santiago Acahualtepec,Pueblo,Iztapalapa
09608,Santiago Acahualtepec 1ra. Ampliación,Colonia,Iztapalapa
09609,Santiago Acahualtepec 2a. Ampliación,Colonia,Iztapalapa
09620,Lomas de Zaragoza,Colonia,Iztapalapa
09630,San Miguel Teotongo Sección Corrales,Colonia,Iztapalapa
09630,San Miguel Teotongo Sección Acorralado,Colonia,Iztapalapa
09630,San Miguel Teotongo Sección Avisadero,Colonia,Iztapalapa
09630,San Miguel Teotongo Sección Capilla,Colonia,Iztapalapa
09630,San Miguel Teotongo Sección Guadalupe,Colonia,Iztapalapa
09630,San Miguel Teotongo Sección Iztlahuaca,Colonia,Iztapalapa
09630,San Miguel Teotongo Sección Jardines,Colonia,Iztapalapa
09630,San Miguel Teotongo Sección La Cruz,Colonia,Iztapalapa
09630,San Miguel Teotongo Sección Loma Alta,Colonia,Iztapalapa
09630,San Miguel Teotongo Sección Mercedes,Colonia,Iztapalapa
09630,San Miguel Teotongo Sección Palmitas,Colonia,Iztapalapa
09630,San Miguel Teotongo Sección Puente,Colonia,Iztapalapa
09630,San Miguel Teotongo Sección Ranchito,Colonia,Iztapalapa
09630,San Miguel Teotongo Sección Rancho Bajo,Colonia,Iztapalapa
09630,San Miguel Teotongo Sección Torres,Colonia,Iztapalapa
09637,Campestre Potrero,Colonia,Iztapalapa
09638,Ampliación Emiliano Zapata,Colonia,Iztapalapa
09640,Lomas de la Estancia,Colonia,Iztapalapa
09640,Xalpa,Colonia,Iztapalapa
09648,San Pablo,Colonia,Iztapalapa
09660,Citlalli,Colonia,Iztapalapa
09670,Palmitas,Colonia,Iztapalapa
09680,Tenorios,Colonia,Iztapalapa
09689,Barranca de Guadalupe,Colonia,Iztapalapa
09690,Iztlahuacán,Colonia,Iztapalapa
09696,Miravalles,Colonia,Iztapalapa
09698,Miguel de La Madrid Hurtado,Colonia,Iztapalapa
09700,Buenavista,Colonia,Iztapalapa
09700,Carlos Hank Gonzalez,Colonia,Iztapalapa
09700,Desarrollo Urbano Quetzalcoatl,Colonia,Iztapalapa
09700,Santa Cruz Meyehualco,Pueblo,Iztapalapa
09704,Degollado,Colonia,Iztapalapa
09705,Degollado - Mexicatlalli,Colonia,Iztapalapa
09706,San José Buenavista,Colonia,Iztapalapa
09708,Mixcoatl,Colonia,Iztapalapa
09709,Lomas de Santa Cruz,Colonia,Iztapalapa
09710,Los Ángeles Apanoaya,Colonia,Iztapalapa
09720,Francisco Villa,Colonia,Iztapalapa
09720,La Era,Colonia,Iztapalapa
09730,Reforma Política,Colonia,Iztapalapa
09740,Presidentes de México,Colonia,Iztapalapa
09750,Insurgentes,Colonia,Iztapalapa
09750,La Polvorilla,Colonia,Iztapalapa
09750,Las Peñas,Colonia,Iztapalapa
09760,Consejo Agrarista Mexicano,Colonia,Iztapalapa
09769,El Triángulo,Colonia,Iztapalapa
09770,Puente Blanco,Colonia,Iztapalapa
09780,Año de Juárez,Colonia,Iztapalapa
09780,Lomas de San Lorenzo,Colonia,Iztapalapa
09790,San Lorenzo Tezonco,Pueblo,Iztapalapa
09800,Culhuacán,Pueblo,Iztapalapa
09800,El Mirador,Colonia,Iztapalapa
09800,Estrella Culhuacán,Colonia,Iztapalapa
09800,Fuego Nuevo,Colonia,Iztapalapa
09800,San Antonio Culhuacán,Colonia,Iztapalapa
09800,San Antonio Culhuacán,Barrio,Iztapalapa
09800,San Simón Culhuacán,Barrio,Iztapalapa
09800,Tula,Barrio,Iztapalapa
09800,Valle de Luces,Colonia,Iztapalapa
09810,Granjas Esmeralda,Colonia,Iztapalapa
09810,Los Cipreses,Colonia,Iztapalapa
09810,Minerva,Colonia,Iztapalapa
09810,Progreso del Sur,Colonia,Iztapalapa
09819,Valle del Sur,Colonia,Iztapalapa
09820,El Santuario,Colonia,Iztapalapa
09820,Estrella del Sur,Colonia,Iztapalapa
09820,Ricardo Flores Magón,Colonia,Iztapalapa
09820,Santa Isabel Industrial,Colonia,Iztapalapa
09828,Ampliación Ricardo Flores Magón,Colonia,Iztapalapa
09829,Ampliación El Santuario,Colonia,Iztapalapa
09830,El Manto,Colonia,Iztapalapa
09830,El Molino,Colonia,Iztapalapa
09830,Lomas El Manto,Colonia,Iztapalapa
09830,Los Ángeles,Colonia,Iztapalapa
09830,Paraje San Juan,Colonia,Iztapalapa
09837,San Miguel 8va. Ampliación,Colonia,Iztapalapa
09838,Plan de Iguala,Colonia,Iztapalapa
09839,Ampliación Paraje San Juan,Colonia,Iztapalapa
09839,San Juan Joya,Colonia,Iztapalapa
09840,Los Reyes Culhuacán,Pueblo,Iztapalapa
09849,Ampliación Los Reyes,Colonia,Iztapalapa
09850,San Juan Xalpa,Colonia,Iztapalapa
09850,San Nicolás Tolentino,Colonia,Iztapalapa
09850,Santa María del Monte,Colonia,Iztapalapa
09856,Estado de Veracruz,Colonia,Iztapalapa
09856,Ampliación Veracruzana,Colonia,Iztapalapa
09858,Paraje San Juan Cerro,Colonia,Iztapalapa
09859,Benito Juárez,Colonia,Iztapalapa
09860,Bellavista,Colonia,Iztapalapa
09860,Ampliación Bellavista,Colonia,Iztapalapa
09860,Casa Blanca,Colonia,Iztapalapa
09860,Cerro de La Estrella,Colonia,Iztapalapa
09860,Parque Nacional Cerro  de la Estrella,Colonia,Iztapalapa
09860,El Rodeo,Colonia,Iztapalapa
09868,San Juan Estrella,Colonia,Iztapalapa
09870,12 de Diciembre,Colonia,Iztapalapa
09870,San Andrés Tomatlán,Colonia,Iztapalapa
09870,San Andrés Tomatlán,Pueblo,Iztapalapa
09870,Santa María Tomatlán,Pueblo,Iztapalapa
09880,El Vergel,Colonia,Iztapalapa
09880,Granjas Estrella,Colonia,Iztapalapa
09890,Lomas Estrella,Colonia,Iztapalapa
09897,Carlos Jonguitud Barrios,Colonia,Iztapalapa
09900,Guadalupe,Barrio,Iztapalapa
09900,San Antonio,Barrio,Iztapalapa
09900,San Lorenzo,Barrio,Iztapalapa
09910,La Esperanza,Colonia,Iztapalapa
09920,José López Portillo,Colonia,Iztapalapa
09930,El Rosario,Colonia,Iztapalapa
09940,Jardines de San Lorenzo Tezonco,Colonia,Iztapalapa
09960,Celoalliotli,Colonia,Iztapalapa
09960,USCOVI,Colonia,Iztapalapa
09960,El Molino Tezonco,Colonia,Iztapalapa
09960,Allapetlalli,Colonia,Iztapalapa
09960,La Planta,Colonia,Iztapalapa
09969,Cananea,Colonia,Iztapalapa
09970,Valle de San Lorenzo,Colonia,Iztapalapa
10000,Lomas Quebradas,Colonia,La Magdalena Contreras
10010,La Malinche,Colonia,La Magdalena Contreras
10010,San Bartolo Ameyalco,Colonia,La Magdalena Contreras
10020,Cuauhtémoc,Colonia,La Magdalena Contreras
10130,El Maestro,Colonia,La Magdalena Contreras
10200,San Jerónimo Lídice,Colonia,La Magdalena Contreras
10300,San Bernabé Ocotepec,Pueblo,La Magdalena Contreras
10320,El Tanque,Colonia,La Magdalena Contreras
10330,Las Cruces,Colonia,La Magdalena Contreras
10340,Los Padres,Colonia,La Magdalena Contreras
10350,Lomas de San Bernabé,Colonia,La Magdalena Contreras
10360,Huayatla,Colonia,La Magdalena Contreras
10368,Ampliación Potrerillo,Colonia,La Magdalena Contreras
10369,Ampliación Lomas de San Bernabé,Colonia,La Magdalena Contreras
10369,Tierra Unida,Colonia,La Magdalena Contreras
10370,Palmas,Colonia,La Magdalena Contreras
10378,Atacaxco,Colonia,La Magdalena Contreras
10379,Vista Hermosa,Colonia,La Magdalena Contreras
10380,Barros Sierra,Colonia,La Magdalena Contreras
10400,San Jerónimo Aculco,Colonia,La Magdalena Contreras
10500,Barrio San Francisco,Colonia,La Magdalena Contreras
10580,Barranca Seca,Colonia,La Magdalena Contreras
10600,El Rosal,Colonia,La Magdalena Contreras
10610,El Toro,Colonia,La Magdalena Contreras
10620,Potrerillo,Colonia,La Magdalena Contreras
10630,El Ocotal,Campamento,La Magdalena Contreras
10640,La Carbonera,Colonia,La Magdalena Contreras
10640,Pueblo Nuevo Alto,Colonia,La Magdalena Contreras
10640,Pueblo Nuevo Bajo,Colonia,La Magdalena Contreras
10660,El Ermitaño,Colonia,La Magdalena Contreras
10700,Héroes de Padierna,Colonia,La Magdalena Contreras
10710,Santa Teresa,Colonia,La Magdalena Contreras
10800,La Cruz,Colonia,La Magdalena Contreras
10810,San Francisco,Colonia,La Magdalena Contreras
10820,La Guadalupe,Colonia,La Magdalena Contreras
10830,La Concepción,Colonia,La Magdalena Contreras
10840,Las Calles,Barrio,La Magdalena Contreras
10840,Plazuela del Pedregal,Barrio,La Magdalena Contreras
10900,San Nicolás Totolapan,Pueblo,La Magdalena Contreras
10910,La Magdalena,Pueblo,La Magdalena Contreras
10920,Las Huertas,Colonia,La Magdalena Contreras
10926,Tierra Colorada,Campamento,La Magdalena Contreras
11000,Lomas de Chapultepec I Sección,Colonia,Miguel Hidalgo
11000,Lomas de Chapultepec VIII Sección,Colonia,Miguel Hidalgo
11000,Lomas de Chapultepec II Sección,Colonia,Miguel Hidalgo
11000,Lomas de Chapultepec III Sección,Colonia,Miguel Hidalgo
11000,Lomas de Chapultepec IV Sección,Colonia,Miguel Hidalgo
11000,Lomas de Chapultepec V Sección,Colonia,Miguel Hidalgo
11000,Lomas de Chapultepec VI Sección,Colonia,Miguel Hidalgo
11000,Lomas de Chapultepec VII Sección,Colonia,Miguel Hidalgo
11040,Molino del Rey,Colonia,Miguel Hidalgo
11100,Bosque de Chapultepec II Sección,Equipamiento,Miguel Hidalgo
11100,Bosque de Chapultepec III Sección,Equipamiento,Miguel Hidalgo
11200,Lomas Hermosa,Colonia,Miguel Hidalgo
11200,Lomas de Sotelo,Colonia,Miguel Hidalgo
11210,San Lorenzo Tlaltenango,Pueblo,Miguel Hidalgo
11220,Periodista,Colonia,Miguel Hidalgo
11230,Argentina Poniente,Colonia,Miguel Hidalgo
11240,Ignacio Manuel Altamirano,Colonia,Miguel Hidalgo
11250,10 de Abril,Colonia,Miguel Hidalgo
11260,México Nuevo,Colonia,Miguel Hidalgo
11260,San Joaquín,Colonia,Miguel Hidalgo
11270,Argentina Antigua,Colonia,Miguel Hidalgo
11280,Torre Blanca,Colonia,Miguel Hidalgo
11289,Ampliación Torre Blanca,Colonia,Miguel Hidalgo
11290,Huíchapan,Colonia,Miguel Hidalgo
11290,San Diego Ocoyoacac,Colonia,Miguel Hidalgo
11300,Verónica Anzures,Colonia,Miguel Hidalgo
11310,Mariano Escobedo,Colonia,Miguel Hidalgo
11320,Anáhuac I Sección,Colonia,Miguel Hidalgo
11320,Anáhuac II Sección,Colonia,Miguel Hidalgo
11330,Un Hogar Para Nosotros,Colonia,Miguel Hidalgo
11340,Santo Tomas,Colonia,Miguel Hidalgo
11350,Plutarco Elías Calles,Colonia,Miguel Hidalgo
11360,Agricultura,Colonia,Miguel Hidalgo
11370,Tlaxpana,Colonia,Miguel Hidalgo
11400,Popotla,Colonia,Miguel Hidalgo
11410,Legaria,Colonia,Miguel Hidalgo
11410,Tacuba,Pueblo,Miguel Hidalgo
11420,Nextitla,Colonia,Miguel Hidalgo
11430,Pensil Norte,Colonia,Miguel Hidalgo
11430,Ventura Pérez de Alva,Colonia,Miguel Hidalgo
11440,Reforma Pensil,Colonia,Miguel Hidalgo
11440,San Juanico,Colonia,Miguel Hidalgo
11450,Ahuehuetes Anáhuac,Colonia,Miguel Hidalgo
11450,Modelo Pensil,Colonia,Miguel Hidalgo
11450,Peralitos,Colonia,Miguel Hidalgo
11460,Dos Lagos,Colonia,Miguel Hidalgo
11460,Lago Norte,Colonia,Miguel Hidalgo
11460,Lago Sur,Colonia,Miguel Hidalgo
11460,Los Manzanos,Colonia,Miguel Hidalgo
11470,5 de Mayo,Colonia,Miguel Hidalgo
11470,Deportivo Pensil,Colonia,Miguel Hidalgo
11480,Francisco I Madero,Colonia,Miguel Hidalgo
11480,Popo,Colonia,Miguel Hidalgo
11489,Ampliación Popo,Colonia,Miguel Hidalgo
11490,Cuauhtémoc Pensil,Colonia,Miguel Hidalgo
11490,Pensil Sur,Colonia,Miguel Hidalgo
11500,Irrigación,Colonia,Miguel Hidalgo
11510,Polanco I Sección,Colonia,Miguel Hidalgo
11520,Granada,Colonia,Miguel Hidalgo
11529,Ampliación Granada,Colonia,Miguel Hidalgo
11530,Polanco II Sección,Colonia,Miguel Hidalgo
11540,Polanco III Sección,Colonia,Miguel Hidalgo
11550,Polanco IV Sección,Colonia,Miguel Hidalgo
11560,Polanco V Sección,Colonia,Miguel Hidalgo
11580,Bosque de Chapultepec I Sección,Equipamiento,Miguel Hidalgo
11590,Anzures,Colonia,Miguel Hidalgo
11600,Residencial Militar,Colonia,Miguel Hidalgo
11610,Manuel Avila Camacho,Colonia,Miguel Hidalgo
11619,Campo Militar 1,Equipamiento,Miguel Hidalgo
11650,Reforma Social,Colonia,Miguel Hidalgo
11700,Bosque de las Lomas,Colonia,Miguel Hidalgo
11800,Escandón I Sección,Colonia,Miguel Hidalgo
11800,Escandón II Sección,Colonia,Miguel Hidalgo
11810,16 de Septiembre,Colonia,Miguel Hidalgo
11820,América,Colonia,Miguel Hidalgo
11830,Daniel Garza,Colonia,Miguel Hidalgo
11840,Ampliación Daniel Garza,Colonia,Miguel Hidalgo
11850,San Miguel Chapultepec I Sección,Colonia,Miguel Hidalgo
11850,San Miguel Chapultepec II Sección,Colonia,Miguel Hidalgo
11860,Observatorio,Colonia,Miguel Hidalgo
11870,Tacubaya,Colonia,Miguel Hidalgo
11910,Lomas de Bezares,Colonia,Miguel Hidalgo
11920,Real de las Lomas,Colonia,Miguel Hidalgo
11930,Lomas de Reforma,Colonia,Miguel Hidalgo
11950,Lomas Altas,Colonia,Miguel Hidalgo
12000,La Concepción,Barrio,Milpa Alta
12000,La Luz,Barrio,Milpa Alta
12000,Los Ángeles,Barrio,Milpa Alta
12000,San Mateo,Barrio,Milpa Alta
12000,Santa Cruz,Barrio,Milpa Alta
12000,Santa Martha,Barrio,Milpa Alta
12000,Villa Milpa Alta Centro,Colonia,Milpa Alta
12070,San Agustin,Barrio,Milpa Alta
12080,San Agustin Ohtenco,Pueblo,Milpa Alta
12100,Cruztitla,Barrio,Milpa Alta
12100,Tecaxtitla,Barrio,Milpa Alta
12100,Tenantitla,Barrio,Milpa Alta
12100,Xaltipac,Barrio,Milpa Alta
12100,Xochitepec,Barrio,Milpa Alta
12110,Emiliano Zapata,Colonia,Milpa Alta
12110,La Conchita,Colonia,Milpa Alta
12200,Nochtla,Barrio,Milpa Alta
12200,Ocotitla,Barrio,Milpa Alta
12200,Panchimalco,Barrio,Milpa Alta
12200,Tula,Barrio,Milpa Alta
12250,San Bartolomé Xicomulco,Pueblo,Milpa Alta
12300,San Salvador Cuauhtenco,Pueblo,Milpa Alta
12400,Centro,Barrio,Milpa Alta
12400,San Juan,Barrio,Milpa Alta
12400,San Miguel,Barrio,Milpa Alta
12410,Chalmita,Barrio,Milpa Alta
12500,San Lorenzo Tlacoyucan,Pueblo,Milpa Alta
12600,San Jerónimo Miacatlán,Pueblo,Milpa Alta
12700,San Francisco Tecoxpa,Pueblo,Milpa Alta
12800,San Juan Tepenahuac,Pueblo,Milpa Alta
12910,La Lupita Teticpac,Barrio,Milpa Alta
12920,San Marcos,Barrio,Milpa Alta
12930,San Miguel,Barrio,Milpa Alta
12940,San José,Barrio,Milpa Alta
12950,La Lupita Xolco,Barrio,Milpa Alta
13000,La Asunción,Barrio,Tláhuac
13010,Santa Cecilia,Colonia,Tláhuac
13020,San José,Colonia,Tláhuac
13030,San Juan,Barrio,Tláhuac
13040,San Mateo,Barrio,Tláhuac
13050,La Habana,Colonia,Tláhuac
13060,La Guadalupe,Barrio,Tláhuac
13060,Santa Ana,Barrio,Tláhuac
13070,La Magdalena,Barrio,Tláhuac
13070,San Miguel,Barrio,Tláhuac
13080,Los Reyes,Barrio,Tláhuac
13090,Quiahuatla,Colonia,Tláhuac
13093,San Sebastián,Colonia,Tláhuac
13094,San Isidro,Colonia,Tláhuac
13099,San Andrés,Barrio,Tláhuac
13100,La Guadalupe,Barrio,Tláhuac
13120,Ampliación Santa Catarina,Colonia,Tláhuac
13120,Santiago,Barrio,Tláhuac
13150,La Concepción,Barrio,Tláhuac
13180,San Miguel,Barrio,Tláhuac
13200,Miguel Hidalgo,Colonia,Tláhuac
13210,Los Olivos,Colonia,Tláhuac
13219,Las Arboledas,Colonia,Tláhuac
13219,Ampliación Los Olivos,Colonia,Tláhuac
13220,La Nopalera,Colonia,Tláhuac
13230,Granjas Cabrera,Colonia,Tláhuac
13250,La Turba,Colonia,Tláhuac
13270,Del Mar,Colonia,Tláhuac
13273,La Draga,Colonia,Tláhuac
13278,Villa Centroamericana,Colonia,Tláhuac
13280,Agrícola Metropolitana,Colonia,Tláhuac
13300,Santa Ana Centro,Barrio,Tláhuac
13300,Santiago Centro,Barrio,Tláhuac
13300,Santa Ana Poniente,Barrio,Tláhuac
13300,Santa Ana Norte,Barrio,Tláhuac
13300,Santiago Norte,Barrio,Tláhuac
13310,Zapotitla,Colonia,Tláhuac
13315,Ampliación Zapotitla,Colonia,Tláhuac
13319,La Estación,Colonia,Tláhuac
13360,La Conchita Zapotitlán,Colonia,Tláhuac
13360,Santa Ana Sur,Barrio,Tláhuac
13360,Santiago Sur,Barrio,Tláhuac
13400,San Francisco Tlaltenco,Pueblo,Tláhuac
13410,López Portillo,Colonia,Tláhuac
13419,Ampliación José López Portillo,Colonia,Tláhuac
13420,Selene,Colonia,Tláhuac
13430,Ampliación Selene,Colonia,Tláhuac
13440,Zacatenco,Colonia,Tláhuac
13450,Guadalupe Tlaltenco,Colonia,Tláhuac
13450,Ojo de Agua,Colonia,Tláhuac
13460,El Triángulo,Colonia,Tláhuac
13508,San Agustín,Barrio,Tláhuac
13508,La Soledad,Barrio,Tláhuac
13509,La Concepción,Barrio,Tláhuac
13510,La Lupita,Colonia,Tláhuac
13520,Francisco Villa,Colonia,Tláhuac
13530,Jaime Torres Bodet,Colonia,Tláhuac
13530,La Asunción,Colonia,Tláhuac
13540,El Rosario,Colonia,Tláhuac
13540,Tierra Blanca,Colonia,Tláhuac
13545,Ampliación La Conchita,Colonia,Tláhuac
13549,Peña Alta,Colonia,Tláhuac
13550,Jardines del Llano,Colonia,Tláhuac
13550,Potrero del Llano,Colonia,Tláhuac
13600,San Bartolomé,Barrio,Tláhuac
13610,Los Reyes,Barrio,Tláhuac
13625,Santa Cruz,Barrio,Tláhuac
13630,San Agustín,Barrio,Tláhuac
13640,San Miguel,Barrio,Tláhuac
13700,San Nicolás Tetelco,Pueblo,Tláhuac
13700,Tepantitlamilco,Colonia,Tláhuac
14000,Tlalpan Centro,Colonia,Tlalpan
14000,Tlalpan,Colonia,Tlalpan
14010,Parque del Pedregal,Colonia,Tlalpan
14020,Villa Olímpica,Colonia,Tlalpan
14030,Isidro Fabela,Colonia,Tlalpan
14039,Ampliación Isidro Fabela,Colonia,Tlalpan
14040,Cantera Puente de Piedra,Colonia,Tlalpan
14040,Pueblo Quieto,Colonia,Tlalpan
14049,Comuneros de Santa Úrsula,Colonia,Tlalpan
14050,Toriello Guerra,Colonia,Tlalpan
14060,Peña Pobre,Colonia,Tlalpan
14070,Rómulo Sánchez Mireles,Colonia,Tlalpan
14070,San Fernando,Barrio,Tlalpan
14070,San Pedro Apóstol,Colonia,Tlalpan
14080,Belisario Domínguez Sección XVI,Colonia,Tlalpan
14080,Del Niño Jesús,Barrio,Tlalpan
14090,La Joya,Colonia,Tlalpan
14100,Pedregal de San Nicolás 1A Sección,Colonia,Tlalpan
14100,Pedregal de San Nicolás 2A Sección,Colonia,Tlalpan
14100,Pedregal de San Nicolás 3A Sección,Colonia,Tlalpan
14100,Pedregal de San Nicolás 4A Sección,Colonia,Tlalpan
14100,Pedregal de San Nicolás 5ª Sección,Colonia,Tlalpan
14108,Chichicaspatl,Colonia,Tlalpan
14110,Ampliación Fuentes del Pedregal,Colonia,Tlalpan
14120,Rincón del Pedregal,Colonia,Tlalpan
14140,Fuentes del Pedregal,Colonia,Tlalpan
14150,Lomas del Pedregal Framboyanes,Colonia,Tlalpan
14160,Popular Santa Teresa,Colonia,Tlalpan
14200,Héroes de Padierna,Colonia,Tlalpan
14200,Jardines del Ajusco,Colonia,Tlalpan
14208,Colinas del Ajusco,Colonia,Tlalpan
14209,Torres de Padierna,Colonia,Tlalpan
14210,Jardines en la Montaña,Colonia,Tlalpan
14219,Six Flags (Reino Aventura),Equipamiento,Tlalpan
14219,Parque Nacional Bosque del Pedregal,Equipamiento,Tlalpan
14220,Cuchilla de Padierna,Colonia,Tlalpan
14220,Lomas del Pedregal,Colonia,Tlalpan
14230,Cultura Maya,Colonia,Tlalpan
14239,Los Encinos,Colonia,Tlalpan
14240,Lomas de Padierna,Colonia,Tlalpan
14240,Lomas Hidalgo,Colonia,Tlalpan
14248,Cruz del Farol,Colonia,Tlalpan
14250,Miguel Hidalgo 2A Sección,Colonia,Tlalpan
14250,Miguel Hidalgo 3A Sección,Colonia,Tlalpan
14250,Miguel Hidalgo 4A Sección,Colonia,Tlalpan
14250,Miguel Hidalgo,Colonia,Tlalpan
14260,El Capulín,Barrio,Tlalpan
14260,Miguel Hidalgo 1A Sección,Colonia,Tlalpan
14266,Zacayucan Peña Pobre,Colonia,Tlalpan
14267,De Caramagüey,Barrio,Tlalpan
14268,La Lonja,Barrio,Tlalpan
14269,La Fama,Barrio,Tlalpan
14270,Primavera,Colonia,Tlalpan
14275,Paraje 38,Colonia,Tlalpan
14300,Nueva Oriental Coapa,Colonia,Tlalpan
14300,Residencial Acoxpa,Colonia,Tlalpan
14300,Residencial Miramontes,Colonia,Tlalpan
14308,Ex Hacienda Coapa,Colonia,Tlalpan
14310,Belisario Domínguez,Colonia,Tlalpan
14310,Floresta Coyoacán,Colonia,Tlalpan
14320,Vergel Coapa,Colonia,Tlalpan
14325,Rinconada Coapa 2A Sección,Colonia,Tlalpan
14326,Tenorios,Colonia,Tlalpan
14330,Granjas Coapa,Colonia,Tlalpan
14330,Rinconada Coapa 1A Sección,Colonia,Tlalpan
14340,Vergel de Coyoacán,Colonia,Tlalpan
14340,Vergel del Sur,Colonia,Tlalpan
14350,Prado Coapa 1A Sección,Colonia,Tlalpan
14357,Prado Coapa 2A Sección,Colonia,Tlalpan
14357,Prado Coapa 3A Sección,Colonia,Tlalpan
14360,Magisterial,Colonia,Tlalpan
14360,Magisterial Coapa,Colonia,Tlalpan
14370,Residencial Chimali,Colonia,Tlalpan
14370,San Lorenzo Huipulco,Pueblo,Tlalpan
14370,Villa Lázaro Cárdenas,Colonia,Tlalpan
14376,Arboledas del Sur,Colonia,Tlalpan
14377,Hacienda San Juan,Colonia,Tlalpan
14380,A.M.S.A,Colonia,Tlalpan
14380,San Bartolo El Chico,Colonia,Tlalpan
14386,Rancho los Colorines,Colonia,Tlalpan
14387,Ex Hacienda San Juan de Dios,Colonia,Tlalpan
14388,Guadalupe,Colonia,Tlalpan
14389,Arenal de Guadalupe,Colonia,Tlalpan
14390,Rinconada Las Hadas,Colonia,Tlalpan
14390,Narciso Mendoza,Colonia,Tlalpan
14390,Residencial Villa Coapa,Colonia,Tlalpan
14390,Villa Coapa,Colonia,Tlalpan
14400,San Andrés Totoltepec,Pueblo,Tlalpan
14406,Divisadero,Colonia,Tlalpan
14408,Nuevo Renacimiento de Axalco,Colonia,Tlalpan
14409,Tecorral,Colonia,Tlalpan
14410,Fuentes Brotantes,Colonia,Tlalpan
14420,Cumbres de Tepetongo,Colonia,Tlalpan
14420,Mesa de los Hornos,Colonia,Tlalpan
14420,Santa Úrsula Xitla,Pueblo,Tlalpan
14426,Texcaltenco,Colonia,Tlalpan
14426,Tlaxcaltenco la Mesa,Colonia,Tlalpan
14427,San Juan Tepeximilpa,Colonia,Tlalpan
14427,Tepeximilpa la Paz,Colonia,Tlalpan
14429,Santísima Trinidad,Colonia,Tlalpan
14430,El Truenito,Barrio,Tlalpan
14430,Tlalcoligia,Colonia,Tlalpan
14438,Pedregal de Santa Úrsula Xitla,Colonia,Tlalpan
14439,Pedregal de las Águilas,Colonia,Tlalpan
14440,Los Volcanes,Colonia,Tlalpan
14449,El Mirador 1A Sección,Colonia,Tlalpan
14449,El Mirador 2A Sección,Colonia,Tlalpan
14449,El Mirador 3A Sección,Colonia,Tlalpan
14460,Tlalpuente,Colonia,Tlalpan
14470,Plan de Ayala,Colonia,Tlalpan
14476,La Palma,Colonia,Tlalpan
14479,Viveros Coatectlán,Colonia,Tlalpan
14480,La Magdalena Petlacalco,Pueblo,Tlalpan
14490,San Miguel Xicalco,Pueblo,Tlalpan
14500,San Miguel Topilejo,Pueblo,Tlalpan
14600,Valle Escondido,Colonia,Tlalpan
14608,Colinas del Bosque,Colonia,Tlalpan
14609,Las Tórtolas,Colonia,Tlalpan
14610,Arenal Tepepan,Colonia,Tlalpan
14620,Club de Golf México,Colonia,Tlalpan
14629,San Buenaventura,Colonia,Tlalpan
14630,Chimalcoyoc,Pueblo,Tlalpan
14630,Villa Tlalpan,Colonia,Tlalpan
14640,Ejidos de San Pedro Mártir,Colonia,Tlalpan
14643,Fuentes de Tepepan,Colonia,Tlalpan
14646,Valle de Tepepan,Colonia,Tlalpan
14647,Juventud Unida,Colonia,Tlalpan
14647,Movimiento Organizado de Tlalpan,Colonia,Tlalpan
14647,Rinconada El Mirador,Colonia,Tlalpan
14650,San Pedro Mártir,Pueblo,Tlalpan
14653,Heróico Colegio Militar,Colonia,Tlalpan
14657,Tlalmille,Colonia,Tlalpan
14658,Mirador del Valle,Colonia,Tlalpan
14659,María Esther Zuno de Echeverría,Colonia,Tlalpan
14700,San Miguel Ajusco,Pueblo,Tlalpan
14710,Santo Tomas Ajusco,Pueblo,Tlalpan
14720,Belvedere Ajusco,Colonia,Tlalpan
14730,Lomas de Cuilotepec,Colonia,Tlalpan
14735,Lomas de Tepemecatl,Campamento,Tlalpan
14737,Vistas del Pedregal,Colonia,Tlalpan
14738,Bosques del Pedregal,Colonia,Tlalpan
14739,2 de Octubre,Colonia,Tlalpan
14740,Lomas de Padierna Sur,Colonia,Tlalpan
14748,Mirador I,Colonia,Tlalpan
14748,Mirador II,Colonia,Tlalpan
14749,Chimilli,Colonia,Tlalpan
14760,Héroes de 1910,Colonia,Tlalpan
14900,Parres El Guarda,Pueblo,Tlalpan
15000,General Ignacio Zaragoza,Colonia,Venustiano Carranza
15010,Valentín Gómez Farias,Colonia,Venustiano Carranza
15020,Puebla,Colonia,Venustiano Carranza
15100,Zona Centro,Colonia,Venustiano Carranza
15200,Janitzio,Colonia,Venustiano Carranza
15210,Valle Gómez,Colonia,Venustiano Carranza
15220,Nicolás Bravo,Colonia,Venustiano Carranza
15220,Popular Rastro,Colonia,Venustiano Carranza
15230,Emilio Carranza,Colonia,Venustiano Carranza
15240,Michoacana,Colonia,Venustiano Carranza
15250,Ampliación Michoacana,Colonia,Venustiano Carranza
15260,Ampliación 20 de Noviembre,Colonia,Venustiano Carranza
15270,Morelos,Colonia,Venustiano Carranza
15280,Penitenciaria,Colonia,Venustiano Carranza
15290,10 de Mayo,Colonia,Venustiano Carranza
15300,20 de Noviembre,Colonia,Venustiano Carranza
15309,5o Tramo 20 de Noviembre,Colonia,Venustiano Carranza
15310,Felipe Ángeles,Colonia,Venustiano Carranza
15320,Azteca,Colonia,Venustiano Carranza
15330,Tres Mosqueteros,Colonia,Venustiano Carranza
15339,Ampliación Venustiano Carranza,Colonia,Venustiano Carranza
15340,Venustiano Carranza,Colonia,Venustiano Carranza
15350,Ampliación Penitenciaria,Colonia,Venustiano Carranza
15370,Progresista,Colonia,Venustiano Carranza
15380,Escuela de Tiro,Colonia,Venustiano Carranza
15390,7 de Julio,Colonia,Venustiano Carranza
15400,Romero Rubio,Colonia,Venustiano Carranza
15410,Simón Bolívar,Colonia,Venustiano Carranza
15420,Ampliación Simón Bolívar,Colonia,Venustiano Carranza
15430,Aquiles Serdán,Colonia,Venustiano Carranza
15440,1° de Mayo,Colonia,Venustiano Carranza
15450,Damián Carmona,Colonia,Venustiano Carranza
15460,Revolución,Colonia,Venustiano Carranza
15470,Miguel Hidalgo,Colonia,Venustiano Carranza
15500,Moctezuma 1a Sección,Colonia,Venustiano Carranza
15510,Pensador Mexicano,Colonia,Venustiano Carranza
15520,Peñón de los Baños,Colonia,Venustiano Carranza
15530,Moctezuma 2a Sección,Colonia,Venustiano Carranza
15540,Santa Cruz Aviación,Colonia,Venustiano Carranza
15600,Arenal 1a Sección,Colonia,Venustiano Carranza
15610,Cuchilla Pantitlán,Colonia,Venustiano Carranza
15620,México (Lic. Benito Juárez),Aeropuerto,Venustiano Carranza
15630,Caracol,Colonia,Venustiano Carranza
15640,Arenal 4a Sección,Colonia,Venustiano Carranza
15640,Arenal Puerto Aéreo,Colonia,Venustiano Carranza
15650,Ampliación Caracol,Colonia,Venustiano Carranza
15660,Arenal 3a Sección,Colonia,Venustiano Carranza
15670,Adolfo López Mateos,Colonia,Venustiano Carranza
15680,Arenal 2a Sección,Colonia,Venustiano Carranza
15700,Federal,Colonia,Venustiano Carranza
15710,Industrial Puerto Aéreo,Colonia,Venustiano Carranza
15730,4 Árboles,Colonia,Venustiano Carranza
15740,Aviación Civil,Colonia,Venustiano Carranza
15750,Ampliación Aviación Civil,Colonia,Venustiano Carranza
15800,Jamaica,Colonia,Venustiano Carranza
15810,Merced Balbuena,Colonia,Venustiano Carranza
15820,Lorenzo Boturini,Colonia,Venustiano Carranza
15830,Artes Gráficas,Colonia,Venustiano Carranza
15840,Sevilla,Colonia,Venustiano Carranza
15850,Magdalena Mixiuhca,Colonia,Venustiano Carranza
15860,La Magdalena Mixiuhca,Pueblo,Venustiano Carranza
15870,Aarón Sáenz,Colonia,Venustiano Carranza
15900,Jardín Balbuena,Colonia,Venustiano Carranza
15960,Del Parque,Colonia,Venustiano Carranza
15970,Aeronáutica Militar,Colonia,Venustiano Carranza
15980,24 de Abril,Colonia,Venustiano Carranza
15990,Álvaro Obregón,Colonia,Venustiano Carranza
16000,La Concepción Tlacoapa,Barrio,Xochimilco
16000,San Antonio,Barrio,Xochimilco
16000,San Juan,Barrio,Xochimilco
16010,Bosque Residencial del Sur,Colonia,Xochimilco
16010,Las Peritas,Colonia,Xochimilco
16010,Paseos del Sur,Colonia,Xochimilco
16010,San Bartolo El Chico,Colonia,Xochimilco
16020,San Juan Tepepan,Colonia,Xochimilco
16020,Santa María Tepepan,Pueblo,Xochimilco
16029,Ampliación Tepepan,Colonia,Xochimilco
16030,Huichapan,Colonia,Xochimilco
16030,La Noria,Colonia,Xochimilco
16030,Potrero de San Bernardino,Colonia,Xochimilco
16030,Ampliación La Noria,Colonia,Xochimilco
16034,18,Barrio,Xochimilco
16035,San Lorenzo La Cebada,Colonia,Xochimilco
16035,Rinconada Coapa,Colonia,Xochimilco
16036,Mercado de Flores Plantas y Hortalizas,Equipamiento,Xochimilco
16038,Ampliación San Marcos Norte,Colonia,Xochimilco
16040,La Asunción,Barrio,Xochimilco
16040,San Lorenzo,Barrio,Xochimilco
16050,Jardines del Sur,Colonia,Xochimilco
16050,San Marcos,Barrio,Xochimilco
16050,Tierra Nueva,Colonia,Xochimilco
16059,"Pblo. Stgo.Tepalcatlalpan, U. H. Rinconada del Sur",Colonia,Xochimilco
16060,El Mirador,Colonia,Xochimilco
16070,Belén,Barrio,Xochimilco
16070,El Rosario,Barrio,Xochimilco
16070,La Guadalupita,Barrio,Xochimilco
16070,Santa Crucita,Barrio,Xochimilco
16080,La Santísima,Barrio,Xochimilco
16080,San Cristóbal,Barrio,Xochimilco
16080,San Diego,Barrio,Xochimilco
16080,San Esteban,Barrio,Xochimilco
16090,San Pedro,Barrio,Xochimilco
16090,Tablas de San Lorenzo,Colonia,Xochimilco
16090,Xaltocan,Barrio,Xochimilco
16100,Santa Cruz Xochitepec,Pueblo,Xochimilco
16200,Santiago Tepalcatlalpan,Pueblo,Xochimilco
16210,La Concha,Colonia,Xochimilco
16300,San Lucas Xochimanca,Pueblo,Xochimilco
16310,La Cañada,Colonia,Xochimilco
16320,San Lucas Oriente,Colonia,Xochimilco
16340,Texmic,Colonia,Xochimilco
16400,San Lorenzo Atemoaya,Pueblo,Xochimilco
16410,Lomas de Tonalco,Colonia,Xochimilco
16420,San Jerónimo,Colonia,Xochimilco
16428,El Jazmín,Colonia,Xochimilco
16429,Rancho Tejomulco,Colonia,Xochimilco
16430,Xochipilli,Colonia,Xochimilco
16440,Año de Juárez,Colonia,Xochimilco
16443,Pocitos,Barrio,Xochimilco
16450,Santa María Nativitas,Pueblo,Xochimilco
16457,Lomas de Nativitas,Colonia,Xochimilco
16459,Ampliación Nativitas,Colonia,Xochimilco
16500,Santa Cruz Acalpixca,Pueblo,Xochimilco
16513,Apatlaco,Barrio,Xochimilco
16513,Del Puente,Barrio,Xochimilco
16514,La Gallera,Barrio,Xochimilco
16514,Tetitla,Barrio,Xochimilco
16514,Calpulco,Barrio,Xochimilco
16520,La Planta,Barrio,Xochimilco
16530,Las Cruces,Barrio,Xochimilco
16530,Las Flores,Barrio,Xochimilco
16533,Ahualapa,Barrio,Xochimilco
16550,Valle de Santa María,Colonia,Xochimilco
16600,San Gregorio Atlapulco,Pueblo,Xochimilco
16604,San Andrés,Barrio,Xochimilco
16605,Los Reyes,Barrio,Xochimilco
16606,3 de Mayo,Barrio,Xochimilco
16607,San Antonio,Barrio,Xochimilco
16609,La Candelaria,Barrio,Xochimilco
16610,San Luis Tlaxialtemalco,Pueblo,Xochimilco
16614,Niños Héroes,Barrio,Xochimilco
16615,La Asunción,Barrio,Xochimilco
16616,Santa Cecilia,Barrio,Xochimilco
16617,San Sebastián,Barrio,Xochimilco
16620,San José,Barrio,Xochimilco
16629,La Guadalupana,Barrio,Xochimilco
16629,San Juan,Barrio,Xochimilco
16630,San Juan Moyotepec,Barrio,Xochimilco
16640,San Juan Minas,Barrio,Xochimilco
16710,Quirino Mendoza,Colonia,Xochimilco
16720,Del Carmen,Colonia,Xochimilco
16739,San Isidro,Colonia,Xochimilco
16740,Guadalupita,Colonia,Xochimilco
16749,Las Animas,Colonia,Xochimilco
16750,Calyequita,Barrio,Xochimilco
16770,San Felipe,Colonia,Xochimilco
16776,Santiaguito,Colonia,Xochimilco
16776,El Mirador,Colonia,Xochimilco
16780,Cerrillos Primera Sección,Colonia,Xochimilco
16780,El Sacrificio,Colonia,Xochimilco
16780,Cristo Rey,Colonia,Xochimilco
16780,Cerrillos Segunda Sección,Colonia,Xochimilco
16780,Cerrillos Tercera Sección,Colonia,Xochimilco
16797,Nativitas,Colonia,Xochimilco
16799,Las Mesitas,Colonia,Xochimilco
16800,San Mateo Xalpa,Pueblo,Xochimilco
16810,San Andrés Ahuayucan,Pueblo,Xochimilco
16810,Santa Inés,Colonia,Xochimilco
16810,Rosario Tlali,Colonia,Xochimilco
16813,El Calvario,Barrio,Xochimilco
16840,Santa Cruz Chavarrieta,Colonia,Xochimilco
16850,Chapultepec,Barrio,Xochimilco
16860,Santa Cruz de Guadalupe,Colonia,Xochimilco
16880,Santa Cecilia Tepetlapa,Pueblo,Xochimilco
16900,San Francisco Tlalnepantla,Pueblo,Xochimilco